{"avg_price_pre_mile_pre_customer": 2.5678352462579883, "paymant_dist_1": 1874874, "paymant_dist_2": 495171, "paymant_dist_0": 71503, "paymant_dist_3": 11709, "paymant_dist_4": 10673, "paymant_dist_5": 1, "custom_indicator": 0.6314094143421564}