{"avg_price_pre_mile_pre_customer": 2.6914757103574694, "payment_dist_1": 0.6666666666666666, "payment_dist_2": 0.3333333333333333, "custom_indicator": 0.5184845707302168, "samples": 30}