{"avg_price_pre_mile_pre_customer": 5.810668670172802, "payment_dist_2": 0.8749999999999999, "payment_dist_1": 0.125, "custom_indicator": 0.10330578512396693, "samples": 24}