{"avg_price_pre_mile_pre_customer": 2.1238379572319714, "payment_dist_1": 0.7083333333333334, "payment_dist_2": 0.2916666666666667, "custom_indicator": 0.9098319538500126, "samples": 96}