{"avg_price_pre_mile_pre_customer": 4.118658793147179, "payment_dist_1": 0.7296478098763445, "payment_dist_2": 0.2398943161395885, "payment_dist_0": 0.020238191035648185, "payment_dist_3": 0.005860894289316273, "payment_dist_4": 0.004358788659102492, "custom_indicator": 0.989305228793409, "samples": 223686}