{"avg_price_pre_mile_pre_customer": 4.212021233852268, "payment_dist_1": 0.7583173119771839, "payment_dist_2": 0.2067327892438344, "payment_dist_0": 0.025668122381940644, "payment_dist_3": 0.0048509695573012825, "payment_dist_4": 0.004430806839739754, "custom_indicator": 1.0219529327915842, "samples": 314164}