{"avg_price_pre_mile_pre_customer": 3.793816503864618, "payment_dist_1": 0.7853437833248782, "payment_dist_2": 0.17555157526375184, "payment_dist_0": 0.030542412539989853, "payment_dist_4": 0.004306997836147722, "payment_dist_3": 0.004255231035232485, "custom_indicator": 0.9756812139792426, "samples": 482935}