{"avg_price_pre_mile_pre_customer": 2.1950354609929077, "payment_dist_1": 1.0, "custom_indicator": 1.8297872340425534, "samples": 10}