{"avg_price_pre_mile_pre_customer": 5.611766252428223, "payment_dist_1": 0.754323229501327, "payment_dist_2": 0.2089537644922475, "payment_dist_0": 0.02735018857382316, "payment_dist_3": 0.004930856264841459, "payment_dist_4": 0.00444196116776086, "custom_indicator": 1.120008437697773, "samples": 143180}