{"avg_price_pre_mile_pre_customer": 2.684645746631629, "payment_dist_1": 0.7471749114617878, "payment_dist_2": 0.22294109549612684, "payment_dist_0": 0.020673516124591722, "payment_dist_3": 0.004680323868400306, "payment_dist_4": 0.0045301530490933425, "custom_indicator": 0.6642253832021632, "samples": 239727}