{"avg_price_pre_mile_pre_customer": 2.3820864651498046, "payment_dist_1": 0.7364462676962675, "payment_dist_2": 0.23215626340626339, "payment_dist_0": 0.022173959673959673, "payment_dist_3": 0.004866473616473617, "payment_dist_4": 0.004357035607035607, "custom_indicator": 0.5721842834050039, "samples": 223776}