{"avg_price_pre_mile_pre_customer": 3.962016578852033, "payment_dist_1": 0.777769981757312, "payment_dist_2": 0.18661668303830964, "payment_dist_0": 0.02716356273680412, "payment_dist_3": 0.004600765791953169, "payment_dist_4": 0.003849006675620953, "custom_indicator": 0.9819279892933269, "samples": 498830}