{"avg_price_pre_mile_pre_customer": 2.2480746604906887, "payment_dist_1": 0.696663041250926, "payment_dist_2": 0.258838921202377, "payment_dist_0": 0.03347992623067102, "payment_dist_4": 0.005721851799309595, "payment_dist_3": 0.005296259516716319, "custom_indicator": 0.5675898932639596, "samples": 190323}