{"avg_price_pre_mile_pre_customer": 1.907662695947031, "payment_dist_1": 0.7595501832118939, "payment_dist_2": 0.17261227870670653, "payment_dist_0": 0.059245532016453974, "payment_dist_3": 0.004478512965224838, "payment_dist_4": 0.004113493099720618, "custom_indicator": 0.4571431497159959, "samples": 356145}