{"avg_price_pre_mile_pre_customer": 2.872045935313653, "payment_dist_1": 0.7661816633004959, "payment_dist_2": 0.18981080746877704, "payment_dist_0": 0.03493947762526964, "payment_dist_3": 0.004767596828929833, "payment_dist_4": 0.004286715304398005, "payment_dist_5": 1.3739472129480783e-05, "custom_indicator": 0.7147127674687376, "samples": 291132}