{"avg_price_pre_mile_pre_customer": 2.3820864651498046, "payment_dist_1": 0.7364462676962676, "payment_dist_2": 0.2321562634062634, "payment_dist_0": 0.022173959673959673, "payment_dist_3": 0.004866473616473617, "payment_dist_4": 0.004357035607035607, "custom_indicator": 0.572184283405004, "samples": 149184}