{"avg_price_pre_mile_pre_customer": 2.7379924109222618, "payment_dist_1": 0.7773884461533691, "payment_dist_2": 0.18899810846847964, "payment_dist_0": 0.02476562580751858, "payment_dist_3": 0.004578953352558736, "payment_dist_4": 0.004268866218073946, "custom_indicator": 0.6864991557635521, "samples": 386988}