{"avg_price_pre_mile_pre_customer": 2.936294066054477, "payment_dist_1": 0.7732768664000755, "payment_dist_2": 0.1920400516389055, "payment_dist_0": 0.025126735728454926, "payment_dist_4": 0.004801788469410246, "payment_dist_3": 0.0047545577631537515, "custom_indicator": 0.6933133549166812, "samples": 254072}