{"avg_price_pre_mile_pre_customer": 3.832335329341318, "payment_dist_1": 1.0, "custom_indicator": 0.5988023952095809, "samples": 2}