{"avg_price_pre_mile_pre_customer": 1.9171140569067178, "payment_dist_1": 0.7686986367076329, "payment_dist_2": 0.19648890925951584, "payment_dist_0": 0.026199942441135403, "payment_dist_3": 0.004562072971849452, "payment_dist_4": 0.004050438619866335, "custom_indicator": 0.49263888139898904, "samples": 375268}