{"avg_price_pre_mile_pre_customer": 1.4092735541477646, "payment_dist_1": 0.7769660894660895, "payment_dist_2": 0.184636544011544, "payment_dist_0": 0.029536435786435788, "payment_dist_4": 0.004486832611832612, "payment_dist_3": 0.004374098124098124, "custom_indicator": 0.3616957854270472, "samples": 354816}