{"avg_price_pre_mile_pre_customer": 3.986223873334635, "payment_dist_1": 0.7817432457029929, "payment_dist_2": 0.1797332085186052, "payment_dist_0": 0.029968536287281897, "payment_dist_4": 0.004472527758275477, "payment_dist_3": 0.004082481732844476, "custom_indicator": 0.9796067987136072, "samples": 307656}