{"avg_price_pre_mile_pre_customer": 2.2594151865702408, "payment_dist_1": 0.7651267823057587, "payment_dist_2": 0.1861525142636613, "payment_dist_0": 0.03990696024949672, "payment_dist_3": 0.004735431247587954, "payment_dist_4": 0.004078311933495353, "custom_indicator": 0.5696764452944335, "samples": 383492}