{"avg_price_pre_mile_pre_customer": 2.440937176209471, "payment_dist_1": 0.7228736242104723, "payment_dist_2": 0.2487461700415946, "payment_dist_0": 0.01793875489977919, "payment_dist_4": 0.005237842556614916, "payment_dist_3": 0.0052036082915390015, "custom_indicator": 0.5692159185933698, "samples": 175263}