{"avg_price_pre_mile_pre_customer": 3.7039513677811544, "payment_dist_1": 0.6666666666666666, "payment_dist_2": 0.3333333333333333, "custom_indicator": 1.0042553191489363, "samples": 12}