{"avg_price_pre_mile_pre_customer": 2.8722312617266454, "payment_dist_1": 0.7634244648534922, "payment_dist_2": 0.20386983913100004, "payment_dist_0": 0.024360838268146518, "payment_dist_3": 0.004538846140207794, "payment_dist_4": 0.00380601160715341, "custom_indicator": 0.701138101871512, "samples": 338412}