{"avg_price_pre_mile_pre_customer": 3.5681227328281278, "payment_dist_1": 0.75, "payment_dist_2": 0.25, "custom_indicator": 1.0460068132423685, "samples": 16}