{"avg_price_pre_mile_pre_customer": 3.2800000000000002, "payment_dist_1": 1.0, "custom_indicator": 1.6400000000000001, "samples": 5}