{"avg_price_pre_mile_pre_customer": 0.5985671594458084, "payment_dist_1": 0.7144352681167849, "payment_dist_2": 0.14944166569733627, "payment_dist_0": 0.1274863324415494, "payment_dist_3": 0.00442014656275445, "payment_dist_4": 0.004216587181574968, "custom_indicator": 0.1631141839528642, "samples": 137552}