{"avg_price_pre_mile_pre_customer": 1.653044443815153, "payment_dist_1": 0.760138138989472, "payment_dist_2": 0.2050307333479376, "payment_dist_0": 0.02530829993685811, "payment_dist_3": 0.005077123307088644, "payment_dist_4": 0.004445704418643609, "custom_indicator": 0.40712377993522597, "samples": 155206}