{"avg_price_pre_mile_pre_customer": 3.756828872721014, "payment_dist_1": 0.7617497691597415, "payment_dist_2": 0.20653277931671282, "payment_dist_0": 0.02309556786703601, "payment_dist_3": 0.004420590951061865, "payment_dist_4": 0.00420129270544783, "custom_indicator": 0.9236289062478891, "samples": 346560}