{"avg_price_pre_mile_pre_customer": 4.849035268450994, "payment_dist_1": 0.7718462718519961, "payment_dist_2": 0.19456433387903693, "payment_dist_0": 0.025014596618163916, "payment_dist_3": 0.004464847908962897, "payment_dist_4": 0.004109949741840205, "custom_indicator": 1.2130506660109592, "samples": 436745}