{"avg_price_pre_mile_pre_customer": 3.1525858535057316, "payment_dist_1": 0.7769806242207138, "payment_dist_2": 0.18268450531399055, "payment_dist_0": 0.03191363033625586, "payment_dist_3": 0.004522334593385715, "payment_dist_4": 0.0038989055356542044, "custom_indicator": 0.8158028265014479, "samples": 505270}