{"avg_price_pre_mile_pre_customer": 1.499799919967987, "payment_dist_1": 0.6666666666666666, "payment_dist_2": 0.3333333333333333, "custom_indicator": 0.3847539015606242, "samples": 12}