{"avg_price_pre_mile_pre_customer": 5.611766252428223, "payment_dist_1": 0.754323229501327, "payment_dist_2": 0.20895376449224748, "payment_dist_0": 0.027350188573823157, "payment_dist_3": 0.004930856264841459, "payment_dist_4": 0.00444196116776086, "custom_indicator": 1.120008437697773, "samples": 214770}