{"avg_price_pre_mile_pre_customer": 4.647543292559252, "payment_dist_1": 0.7646317920708163, "payment_dist_2": 0.2029263584141633, "payment_dist_0": 0.023424992937188055, "payment_dist_3": 0.004920425652132968, "payment_dist_4": 0.0040964309256992185, "custom_indicator": 1.1507187154749705, "samples": 339808}