{"avg_price_pre_mile_pre_customer": 2.936982932537435, "payment_dist_1": 0.74778809097324, "payment_dist_2": 0.220132443141725, "payment_dist_0": 0.022756879986972806, "payment_dist_3": 0.005170167725126201, "payment_dist_4": 0.004152418172936004, "custom_indicator": 0.7055511988329105, "samples": 147384}