{"avg_price_pre_mile_pre_customer": 3.9897889436726945, "payment_dist_1": 0.776344422135927, "payment_dist_2": 0.19286581627132499, "payment_dist_0": 0.021664642870024165, "payment_dist_3": 0.004616660855765416, "payment_dist_4": 0.004508457866958414, "custom_indicator": 1.0118532016776935, "samples": 249531}