{"avg_price_pre_mile_pre_customer": 4.738670339692716, "payment_dist_1": 0.7639013341298287, "payment_dist_2": 0.20392771804062126, "payment_dist_0": 0.02307347670250896, "payment_dist_3": 0.004828753484667462, "payment_dist_4": 0.004268717642373556, "custom_indicator": 1.1676040262393506, "samples": 321408}