{"avg_price_pre_mile_pre_customer": 3.8323353293413174, "payment_dist_1": 1.0, "custom_indicator": 0.5988023952095809, "samples": 3}