{"avg_price_pre_mile_pre_customer": 1.653044443815153, "payment_dist_1": 0.7601381389894719, "payment_dist_2": 0.20503073334793756, "payment_dist_0": 0.025308299936858108, "payment_dist_3": 0.005077123307088644, "payment_dist_4": 0.004445704418643609, "custom_indicator": 0.4071237799352259, "samples": 232809}