{"avg_price_pre_mile_pre_customer": 2.3520700054154715, "payment_dist_1": 0.7755178554691161, "payment_dist_2": 0.1938482207017215, "payment_dist_0": 0.02112037991689318, "payment_dist_4": 0.00492079857531165, "payment_dist_3": 0.0045927453369575405, "custom_indicator": 0.5742700970913971, "samples": 128028}