{"avg_price_pre_mile_pre_customer": 1.5937374784793177, "payment_dist_1": 0.7782502368415254, "payment_dist_2": 0.18543039062327876, "payment_dist_0": 0.02749564872546211, "payment_dist_3": 0.004604639890722422, "payment_dist_4": 0.0042190839190112146, "custom_indicator": 0.39993765822427285, "samples": 363112}