{"avg_price_pre_mile_pre_customer": 2.8722312617266454, "payment_dist_1": 0.7634244648534922, "payment_dist_2": 0.20386983913100007, "payment_dist_0": 0.024360838268146518, "payment_dist_3": 0.004538846140207794, "payment_dist_4": 0.0038060116071534107, "custom_indicator": 0.7011381018715122, "samples": 423015}