{"avg_price_pre_mile_pre_customer": 1.9269177276471756, "payment_dist_1": 0.7213452109660935, "payment_dist_2": 0.24763483184862925, "payment_dist_0": 0.02004005248256336, "payment_dist_3": 0.006159795594226918, "payment_dist_4": 0.004820109108486983, "custom_indicator": 0.4636854425826936, "samples": 144810}