{"avg_price_pre_mile_pre_customer": 1.541666666666667, "payment_dist_1": 1.0, "custom_indicator": 1.2013888888888888, "samples": 2}