{"avg_price_pre_mile_pre_customer": 1.7074539159388609, "payment_dist_1": 0.7572137217913784, "payment_dist_2": 0.19358857914716227, "payment_dist_0": 0.04047602412725028, "payment_dist_3": 0.004739281306038799, "payment_dist_4": 0.0039823936281701946, "custom_indicator": 0.40939907858115593, "samples": 429390}